id,nom_groupe,nom_couleur,rgb
1,Red,Rose exubérant,"rgb(181, 77, 127)"
2,Red,Pitaya,"rgb(204, 97, 127)"
3,Red,Cerises confites,"rgb(171, 60, 81)"
4,Red,Radis,"rgb(164, 46, 65)"
5,Red,Coqueluche,"rgb(168, 46, 51)"
6,Red,Rouge vif,"rgb(191, 45, 50)"
7,Red,Rouge positif,"rgb(173, 44, 52)"
8,Red,Tisane de baie,"rgb(235, 209, 219)"
9,Red,Rose enjouée,"rgb(237, 213, 221)"
10,Red,Priscilla,"rgb(241, 211, 218)"
11,Red,Pétales d'impatiens,"rgb(241, 210, 215)"
12,Red,Corbeille d'argent,"rgb(242, 213, 215)"
13,Red,Belle rose,"rgb(241, 198, 196)"
14,Red,Rose Laurier,"rgb(242, 204, 197)"
15,Red,Irrésistible,"rgb(227, 192, 207)"
16,Red,Enfantin,"rgb(232, 192, 207)"
17,Red,Azalée,"rgb(239, 192, 203)"
18,Red,Dans le rose,"rgb(240, 188, 201)"
19,Red,Aimable,"rgb(240, 193, 198)"
20,Red,Espoir,"rgb(240, 179, 178)"
21,Red,Corail juvénile,"rgb(240, 175, 168)"
22,Red,Laurier-rose,"rgb(203, 154, 173)"
23,Red,Rose hautain,"rgb(216, 153, 177)"
24,Red,Rose Jaipur,"rgb(227, 146, 161)"
25,Red,Joyeux,"rgb(235, 146, 163)"
26,Red,Amaryllis,"rgb(237, 147, 157)"
27,Red,Corail séduisant,"rgb(237, 145, 144)"
28,Red,Charisme,"rgb(238, 148, 137)"
29,Red,Trèfle violet,"rgb(184, 126, 147)"
30,Red,Cyclamen,"rgb(196, 123, 149)"
31,Red,Tubéreuse,"rgb(212, 124, 140)"
32,Red,Roses à venir,"rgb(221, 119, 136)"
33,Red,Grenadine,"rgb(214, 105, 114)"
34,Red,Bégonia,"rgb(215, 108, 110)"
35,Red,Récif corallien,"rgb(217, 118, 108)"
36,Red,Prune noble,"rgb(146, 87, 111)"
37,Red,Teinte de rubis,"rgb(162, 86, 111)"
38,Red,Rose gala,"rgb(176, 75, 99)"
39,Red,Rose Instinct,"rgb(200, 79, 104)"
40,Red,Pluie de feu,"rgb(187, 75, 81)"
41,Red,Rouge envoûtant,"rgb(183, 78, 79)"
42,Red,Tomate rouge,"rgb(178, 71, 67)"
43,Red,Boule d'énergie,"rgb(149, 61, 104)"
44,Red,Amélanche,"rgb(133, 65, 88)"
45,Red,Chaud,"rgb(172, 67, 98)"
46,Red,Ressenti,"rgb(189, 76, 95)"
47,Red,Clou du spectacle,"rgb(164, 46, 55)"
48,Red,Vermillon,"rgb(164, 56, 52)"
49,Red,Rouge délirant,"rgb(161, 59, 52)"
50,Red,Fuchsia cavalier,"rgb(146, 52, 91)"
51,Red,Framboise,"rgb(124, 54, 85)"
52,Red,Cerise,"rgb(153, 50, 78)"
53,Red,Valentine,"rgb(165, 58, 78)"
54,Red,Pointsettia,"rgb(157, 55, 60)"
55,Red,Rouge antique,"rgb(159, 68, 66)"
56,Red,Boléro,"rgb(144, 57, 52)"
57,Red,Bouton de rose,"rgb(224, 205, 209)"
58,Red,Réservé,"rgb(232, 212, 213)"
59,Red,Innocence,"rgb(235, 209, 207)"
60,Red,Rose charmant,"rgb(237, 211, 210)"
61,Red,Vision rosée,"rgb(235, 206, 203)"
62,Red,Romance,"rgb(235, 207, 195)"
63,Red,Pêche pittoresque,"rgb(234, 205, 193)"
64,Red,Délicieux,"rgb(210, 182, 190)"
65,Red,Rose atténué,"rgb(218, 189, 193)"
66,Red,Coloration rose,"rgb(220, 182, 181)"
67,Red,Fleur de lotus,"rgb(230, 189, 189)"
68,Red,Rose gracieux,"rgb(227, 183, 177)"
69,Red,Corail velouté,"rgb(227, 181, 168)"
70,Red,Saumon fumé,"rgb(226, 182, 167)"
71,Red,Rosé,"rgb(185, 149, 161)"
72,Red,Broderie rose,"rgb(199, 158, 162)"
73,Red,Fleur pressée,"rgb(195, 147, 147)"
74,Red,Rose mémorable,"rgb(207, 138, 141)"
75,Red,Rose retentissante,"rgb(205, 142, 137)"
76,Red,Corail constant,"rgb(205, 142, 127)"
77,Red,Île corallienne,"rgb(206, 147, 130)"
78,Red,Rose mousse,"rgb(158, 109, 121)"
79,Red,Rosé d'Audrey,"rgb(174, 128, 135)"
80,Red,Rose de Carley,"rgb(168, 115, 118)"
81,Red,Rouge de Rita,"rgb(186, 113, 118)"
82,Red,Rose corail,"rgb(195, 127, 122)"
83,Red,Argile corail,"rgb(191, 121, 110)"
84,Red,Poussière rouge,"rgb(181, 116, 102)"
85,Red,Buisson de baies,"rgb(141, 88, 105)"
86,Red,Concerto,"rgb(158, 107, 117)"
87,Red,Rose grimpante,"rgb(153, 93, 98)"
88,Red,Gainier rouge,"rgb(173, 94, 101)"
89,Red,Rougeâtre,"rgb(181, 105, 102)"
90,Red,Teinte au henné,"rgb(179, 103, 93)"
91,Red,Rusé,"rgb(168, 94, 83)"
92,Red,Raisin fabuleux,"rgb(109, 52, 79)"
93,Red,Vin vieilli,"rgb(137, 84, 96)"
94,Red,Cordial,"rgb(134, 76, 82)"
95,Red,Rouge kirsch,"rgb(151, 73, 83)"
96,Red,Rouge bravade,"rgb(160, 82, 78)"
97,Red,Brique audacieuse,"rgb(160, 88, 79)"
98,Red,Pot de fleurs,"rgb(143, 68, 56)"
99,Red,Mûre,"rgb(83, 54, 64)"
100,Red,Bourgogne,"rgb(99, 51, 62)"
101,Red,Vin raffiné,"rgb(114, 57, 65)"
102,Red,Rouge somptueux,"rgb(134, 58, 66)"
103,Red,Baie rouge,"rgb(142, 55, 56)"
104,Red,Épilobe,"rgb(123, 55, 48)"
105,Red,Brique enflammée,"rgb(131, 56, 42)"
106,Red,À bout de souffle,"rgb(214, 194, 190)"
107,Red,Truffe blanche,"rgb(215, 200, 194)"
108,Red,Beige facile,"rgb(214, 200, 192)"
109,Red,Coquille d'ormeau,"rgb(219, 199, 189)"
110,Red,Lait malté,"rgb(222, 202, 189)"
111,Red,Réticence,"rgb(217, 205, 195)"
112,Red,Beige simplifié,"rgb(214, 199, 185)"
113,Red,Rose perspicace,"rgb(201, 176, 171)"
114,Red,Taupe artistique,"rgb(195, 177, 172)"
115,Red,Peau de biche,"rgb(198, 179, 169)"
116,Red,Sable décontracté,"rgb(207, 180, 168)"
117,Red,Sable adorable,"rgb(209, 183, 168)"
118,Red,Beige authentique,"rgb(203, 185, 171)"
119,Red,Dune,"rgb(197, 177, 162)"
120,Red,Rose habillé,"rgb(184, 157, 154)"
121,Red,Séduction,"rgb(182, 160, 154)"
122,Red,Taupe émergente,"rgb(184, 161, 150)"
123,Red,Motte de sable,"rgb(195, 164, 151)"
124,Red,Beige interface,"rgb(193, 163, 146)"
125,Red,Trappe de sable,"rgb(187, 165, 149)"
126,Red,Beige fidèle,"rgb(181, 159, 143)"
127,Red,Perle rosaline,"rgb(163, 136, 135)"
128,Red,Baie de cacao,"rgb(160, 136, 130)"
129,Red,Marron velouté,"rgb(162, 135, 125)"
130,Red,Auburn feutré,"rgb(168, 133, 122)"
131,Red,Point Redend,"rgb(174, 142, 126)"
132,Red,Poudre de chocolat,"rgb(165, 140, 123)"
133,Red,Truffe saupoudrée,"rgb(156, 131, 115)"
134,Red,Mondain,"rgb(144, 118, 118)"
135,Red,Cacao hollandais,"rgb(140, 112, 106)"
136,Red,Brun balançoire,"rgb(148, 117, 105)"
137,Red,Terre rougie,"rgb(156, 110, 99)"
138,Red,Épice marocaine,"rgb(157, 120, 104)"
139,Red,Moka,"rgb(150, 122, 106)"
140,Red,Sittelle,"rgb(142, 114, 95)"
141,Red,Rouge rivière,"rgb(118, 89, 93)"
142,Red,Brun bateau,"rgb(122, 95, 90)"
143,Red,Chocolat chaud,"rgb(128, 98, 87)"
144,Red,Argile du canyon,"rgb(133, 89, 79)"
145,Red,Écorce teintante,"rgb(137, 102, 86)"
146,Red,Brun concis,"rgb(113, 82, 67)"
147,Red,Cloué au sol,"rgb(120, 91, 71)"
148,Red,Cordovan,"rgb(95, 61, 63)"
149,Red,Auburn foncé,"rgb(90, 53, 50)"
150,Red,Brun terra,"rgb(90, 56, 45)"
151,Red,Brun enflammé,"rgb(93, 56, 49)"
152,Red,Cuir vintage,"rgb(105, 67, 54)"
153,Red,Café français,"rgb(79, 52, 38)"
154,Red,Expresso,"rgb(99, 69, 51)"
155,Orange,Arrêt,"rgb(195, 58, 54)"
156,Orange,Orange obstinée,"rgb(215, 85, 42)"
157,Orange,Orange sensationnelle,"rgb(225, 111, 62)"
158,Orange,Vivifiant,"rgb(228, 114, 55)"
159,Orange,Navel,"rgb(236, 132, 48)"
160,Orange,Carnaval,"rgb(235, 136, 44)"
161,Orange,Bois d'arc,"rgb(244, 160, 69)"
162,Orange,Passion corail,"rgb(242, 209, 195)"
163,Orange,Rougissant,"rgb(240, 209, 195)"
164,Orange,Fleur de pêche,"rgb(243, 208, 189)"
165,Orange,Pêche naïve,"rgb(243, 211, 191)"
166,Orange,Pêche flatteuse,"rgb(244, 211, 179)"
167,Orange,Flan,"rgb(244, 212, 175)"
168,Orange,Crème captivante,"rgb(244, 217, 177)"
169,Orange,Jovial,"rgb(242, 184, 167)"
170,Orange,Pêche esthétique,"rgb(243, 193, 171)"
171,Orange,Certainement pêche,"rgb(242, 189, 162)"
172,Orange,Pêche voisine,"rgb(243, 193, 163)"
173,Orange,Abricot avide,"rgb(244, 198, 159)"
174,Orange,Melon délicieux,"rgb(245, 200, 148)"
175,Orange,Teinte de miel,"rgb(245, 207, 155)"
176,Orange,Corail ravissant,"rgb(231, 149, 128)"
177,Orange,Saumon rouge,"rgb(228, 151, 128)"
178,Orange,Coucher de soleil,"rgb(226, 148, 111)"
179,Orange,Orange inventive,"rgb(232, 157, 111)"
180,Orange,Melon sucré,"rgb(242, 184, 140)"
181,Orange,Ambre surprise,"rgb(239, 181, 122)"
182,Orange,Pétillant Bellini,"rgb(245, 199, 142)"
183,Orange,Collier de fleurs,"rgb(216, 123, 106)"
184,Orange,Rajeunissant,"rgb(221, 120, 97)"
185,Orange,Éclat de braise,"rgb(214, 124, 86)"
186,Orange,Port cuivré,"rgb(213, 126, 82)"
187,Orange,Mandarine,"rgb(242, 172, 120)"
188,Orange,Orange aventure,"rgb(230, 159, 95)"
189,Orange,Papaye,"rgb(239, 185, 123)"
190,Orange,Franchement corail,"rgb(199, 99, 86)"
191,Orange,Émotionnel,"rgb(198, 95, 71)"
192,Orange,Orange robuste,"rgb(196, 99, 62)"
193,Orange,Orange déterminée,"rgb(197, 102, 57)"
194,Orange,Orange extravertie,"rgb(230, 149, 95)"
195,Orange,Sarape,"rgb(216, 139, 77)"
196,Orange,Jour d'été,"rgb(234, 170, 98)"
197,Orange,Poivré,"rgb(184, 84, 68)"
198,Orange,Orange chaleureuse,"rgb(180, 75, 52)"
199,Orange,Jalapeño,"rgb(177, 83, 60)"
200,Orange,Orange voilée,"rgb(187, 97, 62)"
201,Orange,Orange au rhum,"rgb(203, 120, 65)"
202,Orange,Vague ambrée,"rgb(210, 130, 64)"
203,Orange,Safran,"rgb(223, 152, 78)"
204,Orange,Piment habanero,"rgb(184, 71, 61)"
205,Orange,Cayenne,"rgb(192, 77, 53)"
206,Orange,Pavé de brique,"rgb(147, 64, 47)"
207,Orange,Orange tapageuse,"rgb(195, 85, 48)"
208,Orange,Patate douce,"rgb(195, 111, 62)"
209,Orange,Carafe de terre,"rgb(168, 94, 57)"
210,Orange,Souci,"rgb(210, 130, 51)"
211,Orange,Barbe à papa,"rgb(237, 210, 192)"
212,Orange,Peau de pêche,"rgb(236, 207, 187)"
213,Orange,Orange sucrée,"rgb(235, 204, 179)"
214,Orange,Crèmerie,"rgb(237, 208, 182)"
215,Orange,Crème ambiante,"rgb(243, 217, 186)"
216,Orange,Ivoire invitant,"rgb(242, 213, 176)"
217,Orange,Crème Jersey,"rgb(245, 222, 187)"
218,Orange,Pêche réchauffée,"rgb(228, 185, 162)"
219,Orange,Pêche somptueuse,"rgb(229, 185, 155)"
220,Orange,Abricot doux,"rgb(224, 179, 146)"
221,Orange,Sociable,"rgb(232, 190, 155)"
222,Orange,Ambre ambitieux,"rgb(240, 203, 151)"
223,Orange,Moissonneuse,"rgb(237, 195, 142)"
224,Orange,Doré humble,"rgb(237, 199, 150)"
225,Orange,Plaquemine,"rgb(217, 152, 124)"
226,Orange,Orange de la gloire,"rgb(219, 156, 123)"
227,Orange,Canyon sous le vent,"rgb(219, 164, 128)"
228,Orange,Ocre décoloré,"rgb(227, 171, 123)"
229,Orange,Vive le doré,"rgb(227, 172, 114)"
230,Orange,Poudre d'or,"rgb(232, 184, 127)"
231,Orange,Cire d'abeille,"rgb(234, 191, 134)"
232,Orange,Terre de Sienne feutrée,"rgb(204, 137, 108)"
233,Orange,Chrysanthème,"rgb(196, 123, 91)"
234,Orange,Cuivre chevaleresque,"rgb(212, 150, 110)"
235,Orange,Doré rustique,"rgb(214, 153, 105)"
236,Orange,Doré bakélite,"rgb(215, 153, 93)"
237,Orange,Lampe de poche,"rgb(229, 174, 107)"
238,Orange,Poire d'Anjou,"rgb(221, 172, 109)"
239,Orange,Argile cuite,"rgb(193, 120, 92)"
240,Orange,Reynard,"rgb(180, 104, 72)"
241,Orange,Armagnac,"rgb(195, 128, 88)"
242,Orange,Automnal,"rgb(205, 140, 93)"
243,Orange,Gland,"rgb(198, 136, 74)"
244,Orange,Rayon de miel,"rgb(213, 152, 88)"
245,Orange,Doré cérémoniel,"rgb(214, 158, 89)"
246,Orange,Centime,"rgb(173, 101, 76)"
247,Orange,Économe,"rgb(162, 88, 58)"
248,Orange,Véritable sou,"rgb(180, 108, 66)"
249,Orange,Œil-de-tigre,"rgb(187, 119, 72)"
250,Orange,Doré coquin,"rgb(182, 116, 59)"
251,Orange,Côte dorée,"rgb(199, 133, 56)"
252,Orange,Règle d'or,"rgb(204, 146, 73)"
253,Orange,Nuance épicée,"rgb(153, 75, 53)"
254,Orange,Séquoia géant,"rgb(146, 78, 60)"
255,Orange,Montagne de cuivre,"rgb(166, 97, 60)"
256,Orange,Gingembre,"rgb(176, 108, 62)"
257,Orange,Marmite en cuivre,"rgb(177, 106, 55)"
258,Orange,Caramel dur,"rgb(182, 125, 60)"
259,Orange,Moins de moutarde,"rgb(186, 127, 56)"
260,Orange,Beige réaliste,"rgb(211, 200, 189)"
261,Orange,Touche de sable,"rgb(213, 199, 186)"
262,Orange,Beige léger,"rgb(218, 200, 184)"
263,Orange,Dollar de sable,"rgb(215, 197, 179)"
264,Orange,Plage sablonneuse,"rgb(220, 199, 179)"
265,Orange,Très naturel,"rgb(220, 199, 173)"
266,Orange,Beige Kilim,"rgb(215, 197, 174)"
267,Orange,Beige diversifié,"rgb(194, 180, 167)"
268,Orange,Beige frais,"rgb(198, 181, 167)"
269,Orange,Beige familier,"rgb(202, 179, 160)"
270,Orange,Beige pratique,"rgb(201, 178, 156)"
271,Orange,Racine de gingembre,"rgb(210, 183, 158)"
272,Orange,Quinoa,"rgb(207, 181, 151)"
273,Orange,Désert nomade,"rgb(199, 177, 152)"
274,Orange,Complètement beige,"rgb(181, 165, 151)"
275,Orange,Beige fumé,"rgb(185, 167, 150)"
276,Orange,Sable sensationnel,"rgb(191, 163, 141)"
277,Orange,Sables du temps,"rgb(188, 163, 139)"
278,Orange,Beige intense,"rgb(197, 168, 141)"
279,Orange,Farro,"rgb(193, 164, 133)"
280,Orange,Latte,"rgb(186, 161, 133)"
281,Orange,Cacao fouetté,"rgb(160, 142, 126)"
282,Orange,Utopie,"rgb(165, 143, 123)"
283,Orange,Moka glacé,"rgb(163, 132, 108)"
284,Orange,Presque brun,"rgb(168, 142, 118)"
285,Orange,Fauve doux,"rgb(181, 151, 120)"
286,Orange,Osier tressé,"rgb(185, 153, 116)"
287,Orange,Double latte,"rgb(167, 140, 113)"
288,Orange,Campagne,"rgb(144, 120, 101)"
289,Orange,Laine de lama,"rgb(145, 120, 100)"
290,Orange,Rôti,"rgb(149, 114, 88)"
291,Orange,Portobello,"rgb(148, 122, 98)"
292,Orange,Biscuit cuit,"rgb(137, 103, 74)"
293,Orange,Rocher aux amandes,"rgb(167, 131, 97)"
294,Orange,Cheviotte,"rgb(158, 129, 99)"
295,Orange,Brun pavé,"rgb(122, 100, 85)"
296,Orange,Caraïbes,"rgb(120, 95, 76)"
297,Orange,Brun jute,"rgb(129, 93, 64)"
298,Orange,Coffre à thé,"rgb(125, 100, 77)"
299,Orange,Selle de cheval,"rgb(114, 82, 55)"
300,Orange,Caramel,"rgb(148, 110, 72)"
301,Orange,Brun stable,"rgb(138, 107, 77)"
302,Orange,Sable,"rgb(95, 75, 63)"
303,Orange,Semi-décaféiné,"rgb(96, 76, 61)"
304,Orange,Brun solide,"rgb(105, 72, 44)"
305,Orange,Café,"rgb(101, 80, 61)"
306,Orange,Rouille terre d'ombre,"rgb(118, 81, 56)"
307,Orange,Très terre d'ombre,"rgb(123, 88, 56)"
308,Orange,Coquille de noix de coco,"rgb(112, 87, 63)"
309,Yellow,Doré enthousiaste,"rgb(248, 172, 29)"
310,Yellow,Chardonneret,"rgb(253, 183, 2)"
311,Yellow,Jaune décisif,"rgb(253, 204, 78)"
312,Yellow,Forsythia,"rgb(255, 200, 1)"
313,Yellow,Trait de citron,"rgb(254, 217, 93)"
314,Yellow,Marguerite,"rgb(254, 211, 64)"
315,Yellow,Jaune confiant,"rgb(254, 203, 1)"
316,Yellow,Jaune agréable,"rgb(245, 214, 169)"
317,Yellow,Crème à la banane,"rgb(245, 222, 175)"
318,Yellow,Jaune automnal,"rgb(251, 228, 179)"
319,Yellow,Jaune amical,"rgb(245, 224, 177)"
320,Yellow,Lumière de lanterne,"rgb(244, 225, 174)"
321,Yellow,Jaune joyeux,"rgb(245, 225, 172)"
322,Yellow,Crème à l'ananas,"rgb(242, 234, 195)"
323,Yellow,Satisfaction,"rgb(246, 205, 142)"
324,Yellow,Jonquille,"rgb(247, 211, 145)"
325,Yellow,Lune jaune,"rgb(253, 223, 160)"
326,Yellow,Noix de beurre,"rgb(246, 221, 163)"
327,Yellow,Solarium,"rgb(245, 214, 143)"
328,Yellow,Milieu de journée,"rgb(247, 215, 138)"
329,Yellow,Limonade glacée,"rgb(244, 232, 178)"
330,Yellow,Lever de soleil,"rgb(244, 191, 119)"
331,Yellow,Poudre de pollen,"rgb(251, 209, 135)"
332,Yellow,Véranda ensoleillée,"rgb(254, 223, 148)"
333,Yellow,Jaune Naples,"rgb(246, 213, 143)"
334,Yellow,Oiseau jaune,"rgb(241, 205, 123)"
335,Yellow,Doré de courtepointe,"rgb(234, 195, 101)"
336,Yellow,Jaune vénitien,"rgb(246, 227, 161)"
337,Yellow,Ambre de jadis,"rgb(238, 183, 107)"
338,Yellow,Après-midi,"rgb(251, 203, 120)"
339,Yellow,Abeilles à miel,"rgb(251, 214, 130)"
340,Yellow,Jour de juin,"rgb(246, 201, 115)"
341,Yellow,Ravissement,"rgb(238, 194, 95)"
342,Yellow,Pépite,"rgb(219, 176, 74)"
343,Yellow,Jaune amusant,"rgb(247, 229, 148)"
344,Yellow,Achillée,"rgb(235, 173, 94)"
345,Yellow,Jaune Butterfield,"rgb(247, 190, 91)"
346,Yellow,Frangipanier doré,"rgb(251, 208, 115)"
347,Yellow,Abeille,"rgb(241, 186, 85)"
348,Yellow,Gambade dorée,"rgb(225, 176, 71)"
349,Yellow,Doré royal,"rgb(209, 164, 54)"
350,Yellow,Jaune stylé,"rgb(237, 210, 111)"
351,Yellow,Logo doré,"rgb(223, 153, 56)"
352,Yellow,Jaune doré,"rgb(242, 175, 70)"
353,Yellow,Rayon de soleil,"rgb(244, 196, 84)"
354,Yellow,Arbuste fragile,"rgb(234, 174, 71)"
355,Yellow,Doré clinquant,"rgb(214, 160, 43)"
356,Yellow,Doré croustillant,"rgb(196, 152, 50)"
357,Yellow,Accrocheur,"rgb(221, 184, 53)"
358,Yellow,Curry,"rgb(216, 143, 50)"
359,Yellow,Tournesol,"rgb(227, 154, 51)"
360,Yellow,Réjouissant,"rgb(255, 199, 35)"
361,Yellow,Bijou,"rgb(214, 152, 53)"
362,Yellow,Auric,"rgb(196, 137, 25)"
363,Yellow,Doré d'antan,"rgb(143, 108, 62)"
364,Yellow,Citronnelle,"rgb(203, 169, 1)"
365,Yellow,Lingerie,"rgb(239, 221, 193)"
366,Yellow,Ivoire,"rgb(228, 206, 172)"
367,Yellow,Chamois convaincant,"rgb(219, 199, 168)"
368,Yellow,Jaune convivial,"rgb(233, 214, 176)"
369,Yellow,Jaune lucide,"rgb(228, 208, 165)"
370,Yellow,Doré ancestral,"rgb(221, 205, 166)"
371,Yellow,Rizière,"rgb(223, 212, 176)"
372,Yellow,Crème compatible,"rgb(232, 200, 158)"
373,Yellow,Blond,"rgb(220, 189, 146)"
374,Yellow,Blé entier,"rgb(205, 181, 146)"
375,Yellow,Paillettes,"rgb(225, 194, 141)"
376,Yellow,Mousse pâle,"rgb(220, 199, 151)"
377,Yellow,Herbe de blé,"rgb(203, 181, 132)"
378,Yellow,Cœurs de palmier,"rgb(207, 194, 145)"
379,Yellow,Blé du Dakota,"rgb(225, 189, 142)"
380,Yellow,Doré restreint,"rgb(210, 176, 132)"
381,Yellow,Dos de chameau,"rgb(197, 170, 133)"
382,Yellow,Trompette ternie,"rgb(213, 177, 118)"
383,Yellow,Doré indépendant,"rgb(210, 186, 131)"
384,Yellow,Olive poussiéreuse,"rgb(190, 167, 117)"
385,Yellow,Avocat frais,"rgb(196, 180, 125)"
386,Yellow,Toison dorée,"rgb(214, 173, 120)"
387,Yellow,Doré rétro,"rgb(203, 165, 118)"
388,Yellow,Poudre de coriandre,"rgb(186, 156, 117)"
389,Yellow,Alchimie,"rgb(201, 158, 83)"
390,Yellow,Antiquité,"rgb(194, 164, 98)"
391,Yellow,Doré audacieux,"rgb(177, 151, 95)"
392,Yellow,Vert fougueux,"rgb(187, 168, 106)"
393,Yellow,Musqué,"rgb(204, 155, 92)"
394,Yellow,Doré maniéré,"rgb(193, 151, 99)"
395,Yellow,Baguette,"rgb(179, 145, 103)"
396,Yellow,Doré différent,"rgb(188, 147, 77)"
397,Yellow,Doré de l'escapade,"rgb(184, 155, 89)"
398,Yellow,Cuivré,"rgb(157, 131, 68)"
399,Yellow,Tupélo,"rgb(156, 145, 82)"
400,Yellow,Poire Bosc,"rgb(192, 144, 86)"
401,Yellow,Chamois,"rgb(173, 132, 81)"
402,Yellow,Carton,"rgb(156, 122, 86)"
403,Yellow,Nankin,"rgb(170, 128, 58)"
404,Yellow,Grandiose,"rgb(156, 127, 65)"
405,Yellow,Herbe du Bengale,"rgb(142, 119, 63)"
406,Yellow,Vert campagne,"rgb(141, 132, 77)"
407,Yellow,Doré galant,"rgb(164, 118, 60)"
408,Yellow,Bronze relique,"rgb(144, 106, 58)"
409,Yellow,Papier kraft,"rgb(138, 102, 69)"
410,Yellow,Doré comme un chandelier,"rgb(153, 111, 50)"
411,Yellow,Laiton fervent,"rgb(149, 121, 61)"
412,Yellow,Bronze éminent,"rgb(122, 104, 65)"
413,Yellow,Saguaro,"rgb(101, 95, 45)"
414,Yellow,Lin naturel,"rgb(223, 211, 195)"
415,Yellow,Beige plus doux,"rgb(218, 202, 178)"
416,Yellow,Écheveau de laine,"rgb(217, 207, 186)"
417,Yellow,Netsuke,"rgb(224, 207, 176)"
418,Yellow,Martini,"rgb(221, 208, 182)"
419,Yellow,Grain de riz,"rgb(219, 208, 185)"
420,Yellow,Gris calme,"rgb(209, 205, 191)"
421,Yellow,Malabar,"rgb(207, 190, 169)"
422,Yellow,Noisetier,"rgb(204, 183, 155)"
423,Yellow,Kaki détendu,"rgb(200, 187, 163)"
424,Yellow,Écru,"rgb(208, 186, 148)"
425,Yellow,Virevoltant culbutant,"rgb(205, 187, 156)"
426,Yellow,Ramie,"rgb(205, 189, 162)"
427,Yellow,Gris techno,"rgb(191, 185, 170)"
428,Yellow,Velours de bois,"rgb(192, 173, 150)"
429,Yellow,Beige panier,"rgb(192, 169, 139)"
430,Yellow,Kaki universel,"rgb(184, 169, 146)"
431,Yellow,Beige harmonieux,"rgb(198, 176, 138)"
432,Yellow,Panier tressé,"rgb(195, 176, 144)"
433,Yellow,Beige favori,"rgb(193, 174, 145)"
434,Yellow,Salon de discussion,"rgb(176, 171, 156)"
435,Yellow,Grive musicienne,"rgb(175, 152, 127)"
436,Yellow,Herbe de Serengeti,"rgb(171, 149, 121)"
437,Yellow,Jungle urbaine,"rgb(164, 148, 126)"
438,Yellow,Trésor terni,"rgb(185, 164, 126)"
439,Yellow,Edamame séché,"rgb(177, 159, 128)"
440,Yellow,Pays marécageux,"rgb(172, 157, 131)"
441,Yellow,Stéatite affûtée,"rgb(157, 152, 135)"
442,Yellow,Coulée de boue,"rgb(160, 133, 104)"
443,Yellow,Beige élégant,"rgb(148, 127, 101)"
444,Yellow,Beige carquois,"rgb(142, 127, 106)"
445,Yellow,Jute,"rgb(172, 149, 113)"
446,Yellow,Argile verte,"rgb(159, 142, 113)"
447,Yellow,Sciure,"rgb(153, 137, 112)"
448,Yellow,Quincaillerie,"rgb(139, 131, 114)"
449,Yellow,Feuilles tombées,"rgb(143, 118, 89)"
450,Yellow,Brun chaume,"rgb(134, 112, 87)"
451,Yellow,Bronze supérieur,"rgb(120, 105, 87)"
452,Yellow,Artefact,"rgb(154, 129, 94)"
453,Yellow,Marron verdâtre,"rgb(135, 116, 89)"
454,Yellow,Repas du soir,"rgb(126, 111, 89)"
455,Yellow,Cocon,"rgb(114, 107, 91)"
456,Yellow,Bottes de cowboy,"rgb(105, 82, 57)"
457,Yellow,Terre d'ombre,"rgb(110, 84, 60)"
458,Yellow,Bronze protégé,"rgb(102, 84, 62)"
459,Yellow,Doré mousseux,"rgb(127, 103, 67)"
460,Yellow,Olive obscure,"rgb(102, 84, 57)"
461,Yellow,Meilleur bronze,"rgb(93, 81, 62)"
462,Yellow,Basilic confus,"rgb(90, 82, 67)"
463,Green,Vert comique,"rgb(198, 184, 54)"
464,Green,Au-devant de la scène,"rgb(178, 194, 22)"
465,Green,Lime électrique,"rgb(154, 186, 37)"
466,Green,Vert direct,"rgb(63, 138, 36)"
467,Green,Envie,"rgb(53, 140, 63)"
468,Green,Vert chanceux,"rgb(35, 134, 82)"
469,Green,Poumon vert,"rgb(1, 114, 68)"
470,Green,Lunatique,"rgb(238, 227, 178)"
471,Green,Printemps,"rgb(233, 229, 179)"
472,Green,Granité à la lime,"rgb(220, 225, 184)"
473,Green,Chrysope,"rgb(215, 227, 202)"
474,Green,Concombre,"rgb(211, 223, 195)"
475,Green,Vert farceur,"rgb(204, 226, 202)"
476,Green,Menthe,"rgb(209, 227, 210)"
477,Green,Jaune vivant,"rgb(230, 216, 142)"
478,Green,Joie,"rgb(218, 215, 144)"
479,Green,Vert dansant,"rgb(197, 205, 143)"
480,Green,Romaine,"rgb(192, 210, 173)"
481,Green,Jardin,"rgb(189, 208, 171)"
482,Green,Kiwi,"rgb(174, 210, 176)"
483,Green,Vert allongé,"rgb(183, 215, 191)"
484,Green,Ébats,"rgb(217, 198, 97)"
485,Green,C'est le printemps,"rgb(210, 208, 131)"
486,Green,Rickey à la lime,"rgb(175, 185, 106)"
487,Green,Pistache,"rgb(171, 202, 153)"
488,Green,Verre poli par la mer,"rgb(169, 192, 149)"
489,Green,Végétalien,"rgb(142, 194, 152)"
490,Green,Menthe rétro,"rgb(159, 205, 177)"
491,Green,Citron frais,"rgb(206, 188, 85)"
492,Green,Vert mélangé,"rgb(196, 196, 118)"
493,Green,Lime unanime,"rgb(159, 172, 92)"
494,Green,Pique-nique,"rgb(153, 194, 133)"
495,Green,Vert mesclun,"rgb(157, 182, 130)"
496,Green,Émeraude givrée,"rgb(120, 177, 133)"
497,Green,Vert alouette,"rgb(138, 193, 161)"
498,Green,Vert tendance,"rgb(196, 177, 70)"
499,Green,Perroquet,"rgb(180, 176, 90)"
500,Green,Vert manifeste,"rgb(151, 165, 84)"
501,Green,Vert biologique,"rgb(127, 172, 110)"
502,Green,Cornichon,"rgb(133, 161, 106)"
503,Green,Vert écologique,"rgb(104, 166, 120)"
504,Green,Julep,"rgb(87, 170, 128)"
505,Green,Nervosité,"rgb(172, 152, 37)"
506,Green,Vert luau,"rgb(152, 151, 70)"
507,Green,Gecko,"rgb(122, 136, 51)"
508,Green,Sauterelle,"rgb(79, 133, 74)"
509,Green,Talipot,"rgb(100, 129, 73)"
510,Green,Kilkenny,"rgb(73, 133, 85)"
511,Green,Argyle,"rgb(52, 138, 93)"
512,Green,Vert excentrique,"rgb(156, 139, 31)"
513,Green,Verdoyant,"rgb(132, 126, 53)"
514,Green,Paradis,"rgb(108, 123, 48)"
515,Green,Treillis,"rgb(47, 95, 58)"
516,Green,Plante d'intérieur,"rgb(88, 113, 63)"
517,Green,Derbyshire,"rgb(36, 94, 54)"
518,Green,Verdure,"rgb(1, 104, 68)"
519,Green,Céleri,"rgb(224, 221, 189)"
520,Green,Melon d'hiver,"rgb(219, 221, 189)"
521,Green,Vert gratifiant,"rgb(218, 226, 205)"
522,Green,Vert suprême,"rgb(207, 221, 199)"
523,Green,Teinte Topiaire,"rgb(200, 216, 196)"
524,Green,Vert lent,"rgb(198, 213, 201)"
525,Green,Pause,"rgb(196, 217, 206)"
526,Green,Chagrin,"rgb(203, 201, 157)"
527,Green,Vert tapis,"rgb(199, 205, 168)"
528,Green,Teinte de bonzaï,"rgb(197, 209, 178)"
529,Green,Relish,"rgb(179, 203, 170)"
530,Green,Vert facile,"rgb(172, 194, 168)"
531,Green,Vert gentil,"rgb(170, 194, 179)"
532,Green,Aloès,"rgb(172, 202, 188)"
533,Green,Bébé pak-choï,"rgb(187, 185, 138)"
534,Green,Vert exceptionnel,"rgb(171, 180, 134)"
535,Green,Sanctuaire,"rgb(163, 180, 140)"
536,Green,Vert salon,"rgb(139, 169, 127)"
537,Green,Vert pousse,"rgb(152, 176, 146)"
538,Green,Reposant,"rgb(145, 175, 157)"
539,Green,Menthe verte,"rgb(148, 181, 166)"
540,Green,Ivraie,"rgb(174, 172, 122)"
541,Green,Vert courgette,"rgb(155, 163, 115)"
542,Green,Fleur de brocoli,"rgb(143, 162, 119)"
543,Green,Vert réséda,"rgb(117, 148, 107)"
544,Green,Vert agate,"rgb(142, 164, 134)"
545,Green,Patine parisienne,"rgb(125, 155, 137)"
546,Green,Vert-de-gris,"rgb(129, 165, 149)"
547,Green,Vert tanaisie,"rgb(149, 148, 92)"
548,Green,Saute-mouton,"rgb(136, 145, 93)"
549,Green,Aneth,"rgb(120, 141, 96)"
550,Green,Bosquet de jardin,"rgb(94, 127, 87)"
551,Green,Arrière-pays,"rgb(108, 136, 103)"
552,Green,Jadéite,"rgb(97, 130, 108)"
553,Green,Vision grandiose,"rgb(107, 146, 127)"
554,Green,Olive implacable,"rgb(113, 113, 62)"
555,Green,Coin de jardin,"rgb(109, 118, 69)"
556,Green,Terrain vierge,"rgb(96, 114, 79)"
557,Green,Roquette,"rgb(66, 96, 60)"
558,Green,Coriandre,"rgb(83, 113, 80)"
559,Green,Vert chou frisé,"rgb(79, 106, 86)"
560,Green,Vert Kendal,"rgb(84, 120, 103)"
561,Green,Vert basque,"rgb(95, 96, 51)"
562,Green,Inverness,"rgb(87, 98, 56)"
563,Green,Cour,"rgb(71, 88, 66)"
564,Green,Vert sapin,"rgb(64, 88, 64)"
565,Green,Trèfle,"rgb(32, 81, 52)"
566,Green,Île des pins,"rgb(61, 85, 65)"
567,Green,Club de chasse,"rgb(42, 79, 67)"
568,Green,Vieux marbre,"rgb(209, 204, 185)"
569,Green,Vert vivable,"rgb(206, 206, 189)"
570,Green,Vert pellicule,"rgb(209, 211, 199)"
571,Green,Gris conservateur,"rgb(209, 208, 198)"
572,Green,Gris distant,"rgb(201, 201, 192)"
573,Green,Sel de mer,"rgb(205, 210, 202)"
574,Green,Lavé par la pluie,"rgb(194, 205, 197)"
575,Green,Prairie,"rgb(193, 188, 167)"
576,Green,Vert adouci,"rgb(187, 188, 167)"
577,Green,Contentement,"rgb(189, 192, 179)"
578,Green,Gris austère,"rgb(190, 191, 178)"
579,Green,Teinte sensée,"rgb(182, 181, 171)"
580,Green,Gris confortable,"rgb(190, 195, 187)"
581,Green,Quiétude,"rgb(173, 187, 178)"
582,Green,Sauge svelte,"rgb(178, 172, 150)"
583,Green,Sauge sclarée,"rgb(172, 173, 151)"
584,Green,Plaine littorale,"rgb(159, 166, 148)"
585,Green,Gris évasion,"rgb(171, 172, 159)"
586,Green,Gris rare,"rgb(166, 166, 155)"
587,Green,Huître,"rgb(174, 179, 169)"
588,Green,Vert merveilleux,"rgb(155, 170, 162)"
589,Green,Au repos soldat,"rgb(158, 153, 133)"
590,Green,Onyx vert,"rgb(152, 154, 130)"
591,Green,Dragon jade,"rgb(144, 152, 134)"
592,Green,Brouillard de sapin,"rgb(149, 151, 138)"
593,Green,Ardoise de Cornwall,"rgb(148, 148, 136)"
594,Green,Brume d'acacia,"rgb(150, 156, 146)"
595,Green,Pierre Jaspée,"rgb(141, 158, 151)"
596,Green,Gris connecté,"rgb(137, 132, 115)"
597,Green,Artichaut,"rgb(127, 130, 102)"
598,Green,Vert privilégié,"rgb(122, 135, 117)"
599,Green,Thym séché,"rgb(123, 128, 112)"
600,Green,Gris lien,"rgb(127, 126, 114)"
601,Green,Retraite,"rgb(122, 128, 118)"
602,Green,Sous l'océan,"rgb(124, 142, 135)"
603,Green,Éclipse,"rgb(107, 103, 87)"
604,Green,Mousse de chêne,"rgb(101, 104, 76)"
605,Green,Basilic,"rgb(98, 110, 96)"
606,Green,Romarin,"rgb(100, 105, 92)"
607,Green,Tonitruant,"rgb(109, 108, 98)"
608,Green,Vert étain,"rgb(94, 98, 89)"
609,Green,Rivière rocheuse,"rgb(94, 112, 106)"
610,Green,Porte du jardin,"rgb(94, 89, 73)"
611,Green,Jardin secret,"rgb(79, 82, 58)"
612,Green,Jardin de pierres,"rgb(70, 84, 72)"
613,Green,Culture ombragée,"rgb(78, 81, 71)"
614,Green,Fer forgé,"rgb(100, 100, 90)"
615,Green,Olive mûre,"rgb(68, 72, 61)"
616,Green,Jaspe,"rgb(52, 59, 54)"
617,Blue,Jade dansant,"rgb(1, 157, 110)"
618,Blue,Turquoise chouette,"rgb(1, 145, 135)"
619,Blue,Cliquant,"rgb(1, 145, 150)"
620,Blue,Sarcelle intense,"rgb(1, 118, 128)"
621,Blue,Calypso,"rgb(1, 176, 187)"
622,Blue,Bleu dynamique,"rgb(1, 146, 198)"
623,Blue,Très bleu,"rgb(1, 95, 151)"
624,Blue,Chute d'eau,"rgb(192, 227, 218)"
625,Blue,Sarcelle domestiquée,"rgb(193, 230, 223)"
626,Blue,Nage,"rgb(194, 229, 229)"
627,Blue,Bleu bain,"rgb(194, 224, 227)"
628,Blue,Bleu aviaire,"rgb(198, 227, 232)"
629,Blue,Bleu désaltérant,"rgb(180, 224, 231)"
630,Blue,Bleu mineur,"rgb(183, 223, 232)"
631,Blue,Rafraîchissant,"rgb(161, 212, 200)"
632,Blue,Aqueduc,"rgb(161, 213, 203)"
633,Blue,Spa,"rgb(167, 220, 220)"
634,Blue,Banc de sable,"rgb(166, 208, 214)"
635,Blue,Bleu liquide,"rgb(166, 212, 222)"
636,Blue,Sans nuages,"rgb(143, 208, 221)"
637,Blue,Jacinthe des bois,"rgb(162, 213, 231)"
638,Blue,Pierre d'eau,"rgb(137, 198, 183)"
639,Blue,Petit écrin bleu,"rgb(138, 197, 186)"
640,Blue,Côte de Bora-Bora,"rgb(146, 208, 208)"
641,Blue,Aigue-marine douce,"rgb(151, 203, 210)"
642,Blue,Après la pluie,"rgb(139, 196, 209)"
643,Blue,Surf,"rgb(115, 192, 210)"
644,Blue,Chute libre,"rgb(137, 198, 223)"
645,Blue,Mélèze,"rgb(112, 186, 167)"
646,Blue,Bleu refroidi,"rgb(117, 185, 174)"
647,Blue,Marinier,"rgb(110, 194, 196)"
648,Blue,Bleu extase,"rgb(125, 193, 203)"
649,Blue,Nautilus,"rgb(113, 184, 199)"
650,Blue,Fontaine,"rgb(86, 181, 202)"
651,Blue,Voie de migration,"rgb(93, 179, 212)"
652,Blue,Jade jargon,"rgb(83, 163, 143)"
653,Blue,Ruisselet,"rgb(97, 168, 157)"
654,Blue,Aquarium,"rgb(58, 169, 174)"
655,Blue,Eau fraîche,"rgb(77, 166, 178)"
656,Blue,Baie jamaïcaine,"rgb(52, 163, 182)"
657,Blue,Capri,"rgb(1, 160, 184)"
658,Blue,Bleu majeur,"rgb(40, 158, 196)"
659,Blue,Ionienne,"rgb(54, 137, 118)"
660,Blue,Source thermale,"rgb(59, 140, 128)"
661,Blue,Gulf Stream,"rgb(1, 133, 139)"
662,Blue,Saumâtre,"rgb(8, 128, 142)"
663,Blue,Croisière,"rgb(1, 132, 152)"
664,Blue,Mosqué bleue,"rgb(1, 129, 158)"
665,Blue,Assiette bleue,"rgb(1, 124, 167)"
666,Blue,Tribord,"rgb(1, 108, 79)"
667,Blue,Poséidon,"rgb(1, 109, 96)"
668,Blue,Très sarcelle,"rgb(1, 116, 120)"
669,Blue,Nil bleu,"rgb(1, 113, 126)"
670,Blue,Amalfi,"rgb(1, 110, 133)"
671,Blue,Mer Adriatique,"rgb(1, 96, 129)"
672,Blue,Bleu geai,"rgb(1, 93, 135)"
673,Blue,Paysage aquatique,"rgb(191, 210, 201)"
674,Blue,Marée,"rgb(195, 215, 211)"
675,Blue,Bleu vagabond,"rgb(190, 219, 216)"
676,Blue,Plein air,"rgb(199, 223, 224)"
677,Blue,Bleu bébé,"rgb(199, 216, 219)"
678,Blue,Bleu octet,"rgb(197, 220, 224)"
679,Blue,Atmosphérique,"rgb(194, 218, 224)"
680,Blue,Noisette,"rgb(168, 193, 183)"
681,Blue,Aqueux,"rgb(180, 204, 201)"
682,Blue,Goutte de pluie,"rgb(158, 198, 198)"
683,Blue,Courant-jet,"rgb(176, 210, 214)"
684,Blue,Brise agitée,"rgb(175, 199, 205)"
685,Blue,Ruisseau,"rgb(173, 204, 211)"
686,Blue,Ciel vaste,"rgb(169, 201, 215)"
687,Blue,Vaisseau rétro,"rgb(148, 178, 166)"
688,Blue,Bleu-vert,"rgb(163, 192, 189)"
689,Blue,Bleu insouciant,"rgb(144, 189, 189)"
690,Blue,Bleu frais,"rgb(159, 197, 204)"
691,Blue,Moiré français,"rgb(159, 187, 195)"
692,Blue,Soyez assuré,"rgb(155, 191, 201)"
693,Blue,Bleu résolu,"rgb(133, 176, 196)"
694,Blue,Calme,"rgb(126, 162, 152)"
695,Blue,Bruine,"rgb(140, 174, 171)"
696,Blue,Bassin réfléchissant,"rgb(123, 177, 178)"
697,Blue,Marée basse,"rgb(132, 180, 190)"
698,Blue,Aquitaine,"rgb(136, 171, 180)"
699,Blue,Grand large,"rgb(131, 175, 188)"
700,Blue,Plume de merlebleu,"rgb(111, 157, 179)"
701,Blue,Vert des vagues,"rgb(95, 136, 125)"
702,Blue,Lagon,"rgb(81, 134, 130)"
703,Blue,Orage,"rgb(92, 149, 152)"
704,Blue,Rive,"rgb(91, 150, 162)"
705,Blue,Crique secrète,"rgb(104, 144, 157)"
706,Blue,Bleu manitou,"rgb(91, 146, 162)"
707,Blue,Bleu sécuritaire,"rgb(83, 137, 161)"
708,Blue,Mer déchaînée,"rgb(71, 111, 101)"
709,Blue,Baie verte,"rgb(46, 104, 100)"
710,Blue,Grand canal,"rgb(60, 121, 125)"
711,Blue,Grandes chutes,"rgb(33, 119, 134)"
712,Blue,Paon soyeux,"rgb(66, 117, 132)"
713,Blue,Bleu loch,"rgb(47, 119, 139)"
714,Blue,Baie géorgienne,"rgb(34, 101, 127)"
715,Blue,Gentilhomme de campagne,"rgb(18, 74, 66)"
716,Blue,Cap Vert,"rgb(1, 85, 79)"
717,Blue,Vraiment sarcelle,"rgb(1, 99, 103)"
718,Blue,Bord de l'océan,"rgb(1, 90, 107)"
719,Blue,Bord du lac de Connor,"rgb(23, 90, 108)"
720,Blue,Bosphore,"rgb(1, 93, 117)"
721,Blue,Bleu loyal,"rgb(1, 69, 94)"
722,Blue,Alizé,"rgb(194, 207, 207)"
723,Blue,Bleu endormi,"rgb(188, 203, 206)"
724,Blue,Berceuse,"rgb(203, 212, 212)"
725,Blue,Brumeux,"rgb(205, 210, 210)"
726,Blue,Brume lunaire,"rgb(201, 217, 224)"
727,Blue,Vers le haut,"rgb(191, 201, 208)"
728,Blue,Étoile polaire,"rgb(202, 208, 210)"
729,Blue,Pluie,"rgb(171, 190, 191)"
730,Blue,Bleu langoureux,"rgb(164, 183, 189)"
731,Blue,Bleu Niebla,"rgb(182, 195, 196)"
732,Blue,Argent samovar,"rgb(184, 190, 190)"
733,Blue,Sleepy Hollow,"rgb(183, 201, 209)"
734,Blue,Bleu venteux,"rgb(170, 186, 198)"
735,Blue,Krypton,"rgb(184, 192, 195)"
736,Blue,Turquoise intéressant,"rgb(155, 175, 178)"
737,Blue,Méditation,"rgb(150, 170, 176)"
738,Blue,Rosée étoilée,"rgb(166, 178, 181)"
739,Blue,Gris incertain,"rgb(169, 176, 177)"
740,Blue,Fleur de lin délavée,"rgb(158, 180, 192)"
741,Blue,Aléoute,"rgb(152, 169, 183)"
742,Blue,Jubilé,"rgb(173, 181, 185)"
743,Blue,Bleu de faïence,"rgb(139, 159, 160)"
744,Blue,Tourbillon,"rgb(128, 150, 157)"
745,Blue,Débonnaire,"rgb(144, 160, 166)"
746,Blue,Cadet,"rgb(145, 153, 156)"
747,Blue,Jeans favoris,"rgb(138, 163, 177)"
748,Blue,Daphné,"rgb(137, 156, 170)"
749,Blue,Qu'il pleuve,"rgb(151, 159, 165)"
750,Blue,Bleu lunatique,"rgb(122, 145, 146)"
751,Blue,Refuge,"rgb(96, 125, 132)"
752,Blue,Ciel venteux,"rgb(111, 132, 140)"
753,Blue,Journée de brouillard,"rgb(114, 124, 127)"
754,Blue,Azurite fumée,"rgb(112, 141, 158)"
755,Blue,Bleu vivifiant,"rgb(118, 139, 154)"
756,Blue,Nuage d'orage,"rgb(122, 132, 141)"
757,Blue,Fleuve,"rgb(93, 114, 116)"
758,Blue,Étoile Tempe,"rgb(71, 98, 106)"
759,Blue,Waterloo,"rgb(83, 104, 114)"
760,Blue,Port grisâtre,"rgb(89, 99, 104)"
761,Blue,Bleu encre,"rgb(78, 114, 135)"
762,Blue,Distance,"rgb(93, 111, 127)"
763,Blue,Sommet de granite,"rgb(96, 107, 117)"
764,Blue,Eau dormante,"rgb(74, 93, 95)"
765,Blue,Tempête de pluie,"rgb(36, 70, 83)"
766,Blue,Minuit à Moscou,"rgb(32, 70, 82)"
767,Blue,Nuit noire,"rgb(35, 56, 63)"
768,Blue,Mer infinie,"rgb(50, 88, 110)"
769,Blue,Batik indigo,"rgb(62, 80, 99)"
770,Blue,Espace,"rgb(88, 97, 104)"
771,Purple,Jeton bleu,"rgb(1, 110, 167)"
772,Purple,Sang bleu,"rgb(1, 80, 134)"
773,Purple,Bleu franc,"rgb(34, 82, 136)"
774,Purple,Belle de jour,"rgb(60, 76, 128)"
775,Purple,Entièrement pourpre,"rgb(81, 76, 126)"
776,Purple,Violette africaine,"rgb(102, 83, 133)"
777,Purple,Pourpre passionné,"rgb(121, 84, 132)"
778,Purple,Envol,"rgb(195, 223, 232)"
779,Purple,Islandais,"rgb(203, 216, 225)"
780,Purple,Bleu rythmé,"rgb(204, 219, 229)"
781,Purple,Bleu espoir,"rgb(216, 221, 230)"
782,Purple,Lilas inspiré,"rgb(223, 217, 228)"
783,Purple,Allégresse,"rgb(223, 220, 229)"
784,Purple,Pailletté,"rgb(229, 219, 229)"
785,Purple,Quelque chose de bleu,"rgb(176, 214, 230)"
786,Purple,Bleu bienheureux,"rgb(178, 200, 216)"
787,Purple,Bleu merveilleux,"rgb(184, 205, 221)"
788,Purple,À couper le souffle,"rgb(199, 209, 226)"
789,Purple,Peut-être pourpre,"rgb(209, 203, 223)"
790,Purple,Rhapsodie Lilas,"rgb(210, 200, 221)"
791,Purple,Lilas euphorique,"rgb(218, 199, 218)"
792,Purple,Plafond de la véranda,"rgb(155, 200, 222)"
793,Purple,Cosmos,"rgb(142, 169, 194)"
794,Purple,Céleste,"rgb(151, 179, 208)"
795,Purple,Agapanthus,"rgb(187, 197, 222)"
796,Purple,Gycine,"rgb(189, 180, 212)"
797,Purple,Magique,"rgb(192, 175, 208)"
798,Purple,Lilas novateur,"rgb(194, 164, 194)"
799,Purple,Bleu divertissant,"rgb(125, 181, 211)"
800,Purple,Note de blues,"rgb(124, 154, 181)"
801,Purple,Lobélie,"rgb(116, 152, 190)"
802,Purple,Violet génial,"rgb(167, 178, 212)"
803,Purple,Lilas pour toujours,"rgb(175, 165, 199)"
804,Purple,Frappé à la baie,"rgb(179, 161, 198)"
805,Purple,Baronne,"rgb(167, 133, 167)"
806,Purple,Jacaranda,"rgb(90, 158, 192)"
807,Purple,Scanda,"rgb(107, 140, 169)"
808,Purple,Pervenche parfaite,"rgb(100, 135, 176)"
809,Purple,Dahlia,"rgb(139, 152, 196)"
810,Purple,Pourpre brave,"rgb(150, 141, 184)"
811,Purple,Destin,"rgb(161, 138, 183)"
812,Purple,Très baie,"rgb(147, 116, 150)"
813,Purple,Danube,"rgb(35, 119, 162)"
814,Purple,Bleu savoureux,"rgb(76, 107, 138)"
815,Purple,Lupin,"rgb(78, 115, 159)"
816,Purple,Gentiane,"rgb(101, 114, 165)"
817,Purple,Myosotis,"rgb(113, 105, 152)"
818,Purple,Clématite,"rgb(126, 101, 150)"
819,Purple,Violet vigoureux,"rgb(124, 90, 126)"
820,Purple,Bleu dignité,"rgb(9, 76, 115)"
821,Purple,Indigo,"rgb(40, 74, 112)"
822,Purple,Bleu honorable,"rgb(22, 69, 118)"
823,Purple,Violet vaillant,"rgb(62, 67, 113)"
824,Purple,Pourpre d'Izmir,"rgb(77, 66, 110)"
825,Purple,Pourpre impulsif,"rgb(98, 73, 119)"
826,Purple,Violet kimono,"rgb(93, 57, 95)"
827,Purple,Parfum,"rgb(197, 216, 222)"
828,Purple,Bleu astucieux,"rgb(206, 217, 221)"
829,Purple,Bleu doux,"rgb(203, 213, 219)"
830,Purple,Nuit étoilée,"rgb(214, 217, 222)"
831,Purple,Pivoine argentée,"rgb(218, 214, 219)"
832,Purple,Lavande légère,"rgb(224, 218, 223)"
833,Purple,Giroflée,"rgb(219, 207, 212)"
834,Purple,Faites une pause,"rgb(179, 201, 211)"
835,Purple,Bleu honnête,"rgb(178, 199, 211)"
836,Purple,Glacé,"rgb(187, 199, 210)"
837,Purple,Rêverie,"rgb(189, 195, 205)"
838,Purple,Brume de raisin,"rgb(197, 192, 201)"
839,Purple,Enchantement,"rgb(209, 198, 210)"
840,Purple,Parure mauve,"rgb(203, 184, 192)"
841,Purple,Répit,"rgb(151, 180, 195)"
842,Purple,Teinte notable,"rgb(139, 167, 187)"
843,Purple,Solitude,"rgb(153, 167, 184)"
844,Purple,Violet vespéral,"rgb(153, 160, 178)"
845,Purple,Violet cendré,"rgb(162, 155, 170)"
846,Purple,Lilas obi,"rgb(176, 163, 182)"
847,Purple,Chardon,"rgb(170, 142, 154)"
848,Purple,Némophile ponctuée,"rgb(131, 162, 180)"
849,Purple,Pastel,"rgb(123, 153, 176)"
850,Purple,Lavande séchée,"rgb(133, 149, 170)"
851,Purple,Pourpre poussiéreux,"rgb(137, 144, 163)"
852,Purple,Raisin doux,"rgb(144, 138, 155)"
853,Purple,Crème à la baie,"rgb(154, 140, 162)"
854,Purple,Violet rubis,"rgb(155, 126, 139)"
855,Purple,Bleu loisir,"rgb(106, 142, 161)"
856,Purple,Bleu sportif,"rgb(106, 138, 164)"
857,Purple,Bleu inquisiteur,"rgb(108, 127, 154)"
858,Purple,Bleu émouvant,"rgb(117, 124, 145)"
859,Purple,Mythique,"rgb(126, 119, 142)"
860,Purple,Violet bois,"rgb(122, 107, 133)"
861,Purple,Prune élégante,"rgb(139, 104, 120)"
862,Purple,Averse,"rgb(67, 113, 139)"
863,Purple,Denim,"rgb(80, 107, 132)"
864,Purple,Bleu luxueux,"rgb(81, 101, 130)"
865,Purple,Fascination,"rgb(93, 101, 123)"
866,Purple,Passage pourpre,"rgb(100, 94, 119)"
867,Purple,Prune,"rgb(103, 90, 117)"
868,Purple,Récolte de raisins,"rgb(126, 90, 109)"
869,Purple,Régate,"rgb(33, 87, 114)"
870,Purple,Commodore,"rgb(37, 71, 106)"
871,Purple,Dignifié,"rgb(59, 73, 109)"
872,Purple,Pourpre majestueux,"rgb(59, 60, 90)"
873,Purple,Mûre sauvage,"rgb(62, 56, 90)"
874,Purple,Raisin Concord,"rgb(68, 55, 87)"
875,Purple,Raisin mûr,"rgb(95, 63, 84)"
876,Purple,Destinée,"rgb(207, 201, 200)"
877,Purple,Mauve minute,"rgb(207, 201, 200)"
878,Purple,Gris unique,"rgb(203, 201, 201)"
879,Purple,Teinte sensible,"rgb(206, 201, 204)"
880,Purple,Presque mauve,"rgb(209, 197, 196)"
881,Purple,Blanc individuel,"rgb(212, 205, 202)"
882,Purple,Angora,"rgb(209, 197, 190)"
883,Purple,Gris à la mode,"rgb(189, 184, 184)"
884,Purple,Réfléchir,"rgb(188, 182, 182)"
885,Purple,Gris huppé,"rgb(181, 177, 181)"
886,Purple,Violet voilé,"rgb(189, 181, 185)"
887,Purple,Mauve méridienne,"rgb(193, 178, 179)"
888,Purple,Imagine,"rgb(194, 182, 182)"
889,Purple,Taupe tempérée,"rgb(191, 177, 170)"
890,Purple,Ombre mystique,"rgb(174, 169, 170)"
891,Purple,Gris de la quête,"rgb(173, 165, 165)"
892,Purple,Mauve mystérieux,"rgb(166, 163, 169)"
893,Purple,Mauve séduisant,"rgb(175, 167, 172)"
894,Purple,Intuitif,"rgb(179, 163, 165)"
895,Purple,Gris flexible,"rgb(177, 163, 161)"
896,Purple,Vraiment taupe,"rgb(172, 158, 151)"
897,Purple,Orchidée sous la lune,"rgb(148, 145, 148)"
898,Purple,Violet ardoise,"rgb(152, 145, 146)"
899,Purple,Gris violet,"rgb(143, 138, 145)"
900,Purple,Orchidée d'automne,"rgb(157, 144, 147)"
901,Purple,Coquine,"rgb(157, 141, 142)"
902,Purple,Coquille foreuse,"rgb(159, 146, 145)"
903,Purple,Tatou,"rgb(158, 144, 137)"
904,Purple,Gris spécial,"rgb(123, 120, 125)"
905,Purple,Gris sensuel,"rgb(131, 125, 127)"
906,Purple,Prune exclusive,"rgb(115, 111, 120)"
907,Purple,Âme sœur,"rgb(133, 119, 123)"
908,Purple,Énigme,"rgb(139, 124, 126)"
909,Purple,Chinchilla,"rgb(134, 120, 117)"
910,Purple,Taupe posée,"rgb(140, 126, 120)"
911,Purple,Gris voilé,"rgb(96, 94, 99)"
912,Purple,Ombre sensationnelle,"rgb(103, 96, 100)"
913,Purple,Minuit,"rgb(93, 89, 98)"
914,Purple,Prune expressive,"rgb(105, 92, 98)"
915,Purple,Prune poétique,"rgb(111, 92, 95)"
916,Purple,Brun coup d'œil,"rgb(110, 97, 95)"
917,Purple,Coquille de noix,"rgb(117, 103, 97)"
918,Purple,Perle noire,"rgb(79, 77, 81)"
919,Purple,Chambre noire,"rgb(68, 62, 64)"
920,Purple,Prune idéaliste,"rgb(74, 70, 83)"
921,Purple,Brun prune,"rgb(78, 66, 71)"
922,Purple,Marron,"rgb(78, 49, 50)"
923,Purple,Chocolat noir,"rgb(77, 60, 60)"
924,Purple,Loutre,"rgb(86, 67, 59)"
925,Neutral,Gris nécessaire,"rgb(185, 178, 169)"
926,Neutral,Gris polyvalent,"rgb(193, 182, 171)"
927,Neutral,Gris attentif,"rgb(188, 183, 173)"
928,Neutral,Gris incroyable,"rgb(190, 181, 169)"
929,Neutral,Chemin de jogging,"rgb(192, 185, 169)"
930,Neutral,Loggia,"rgb(196, 183, 165)"
931,Neutral,Beige équilibré,"rgb(192, 178, 162)"
932,Neutral,Réflexion,"rgb(211, 213, 211)"
933,Neutral,Blanc olympe,"rgb(212, 216, 215)"
934,Neutral,Écran gris,"rgb(198, 202, 202)"
935,Neutral,Passif,"rgb(203, 204, 201)"
936,Neutral,Mèche grise,"rgb(200, 203, 196)"
937,Neutral,Voile transparent,"rgb(211, 206, 196)"
938,Neutral,Pointe argentée,"rgb(209, 210, 203)"
939,Neutral,Ombre du soir,"rgb(201, 204, 205)"
940,Neutral,Gris paresseux,"rgb(190, 193, 195)"
941,Neutral,En ligne,"rgb(176, 181, 181)"
942,Neutral,Argos,"rgb(189, 189, 183)"
943,Neutral,Gris magnétique,"rgb(178, 181, 175)"
944,Neutral,Brume à la dérive,"rgb(220, 216, 208)"
945,Neutral,Treillage,"rgb(206, 206, 198)"
946,Neutral,Argent monorail,"rgb(184, 188, 187)"
947,Neutral,Brouillard du matin,"rgb(168, 174, 177)"
948,Neutral,Gris réseau,"rgb(160, 165, 167)"
949,Neutral,Matière grise,"rgb(167, 168, 162)"
950,Neutral,Gris inhabituel,"rgb(163, 167, 160)"
951,Neutral,Nuages gris,"rgb(183, 183, 178)"
952,Neutral,Porche avant,"rgb(204, 204, 197)"
953,Neutral,Argent acier,"rgb(144, 151, 155)"
954,Neutral,Poudre de bleu,"rgb(149, 155, 160)"
955,Neutral,Gris africain,"rgb(147, 152, 153)"
956,Neutral,Fer-blanc,"rgb(147, 149, 145)"
957,Neutral,Vert illusoire,"rgb(146, 148, 141)"
958,Neutral,Dépôt minéral,"rgb(171, 176, 172)"
959,Neutral,Ferblantier,"rgb(197, 200, 196)"
960,Neutral,Wall Street,"rgb(101, 109, 115)"
961,Neutral,Gris sérieux,"rgb(125, 132, 139)"
962,Neutral,Logiciel,"rgb(127, 132, 134)"
963,Neutral,Paysage urbain,"rgb(127, 129, 126)"
964,Neutral,Gris attitude,"rgb(124, 125, 117)"
965,Neutral,Gris,"rgb(165, 169, 168)"
966,Neutral,Argenté,"rgb(194, 192, 186)"
967,Neutral,Tuile d'ardoise,"rgb(96, 110, 116)"
968,Neutral,Gibraltar,"rgb(98, 105, 112)"
969,Neutral,Gris Internet,"rgb(97, 102, 105)"
970,Neutral,Gris pleurnichard,"rgb(99, 101, 98)"
971,Neutral,Couche-tard,"rgb(99, 101, 95)"
972,Neutral,Earl Grey,"rgb(150, 154, 150)"
973,Neutral,Gris Ellie,"rgb(170, 169, 164)"
974,Neutral,Bleu fumé,"rgb(89, 110, 121)"
975,Neutral,Serpent de mer,"rgb(62, 75, 84)"
976,Neutral,Cyberespace,"rgb(68, 72, 77)"
977,Neutral,Grain de poivre,"rgb(88, 88, 88)"
978,Neutral,Bois de Laurier,"rgb(68, 73, 61)"
979,Neutral,Gris feutré,"rgb(102, 109, 105)"
980,Neutral,Béton timbré,"rgb(160, 160, 154)"
981,Neutral,Grisâtre,"rgb(207, 202, 199)"
982,Neutral,Alpaca,"rgb(204, 197, 189)"
983,Neutral,Gris populaire,"rgb(212, 204, 195)"
984,Neutral,Gris charmant,"rgb(209, 203, 193)"
985,Neutral,Gris reposant,"rgb(204, 201, 192)"
986,Neutral,Gris de ce monde,"rgb(206, 198, 187)"
987,Neutral,Gris utile,"rgb(207, 202, 189)"
988,Neutral,Gris essentiel,"rgb(188, 184, 182)"
989,Neutral,Gris nécessaire,"rgb(185, 178, 169)"
990,Neutral,Gris polyvalent,"rgb(193, 182, 171)"
991,Neutral,Nouveau gris,"rgb(191, 182, 170)"
992,Neutral,Gris attentif,"rgb(188, 183, 173)"
993,Neutral,Gris incroyable,"rgb(190, 181, 169)"
994,Neutral,Gris analytique,"rgb(191, 182, 167)"
995,Neutral,Gris propre,"rgb(173, 168, 165)"
996,Neutral,Gris fonctionnel,"rgb(171, 163, 154)"
997,Neutral,Écru parfait,"rgb(183, 171, 159)"
998,Neutral,Très écru,"rgb(173, 162, 149)"
999,Neutral,Gris dorien,"rgb(172, 167, 158)"
1000,Neutral,Gris intellectuel,"rgb(168, 160, 147)"
1001,Neutral,Zone grise,"rgb(175, 166, 150)"
1002,Neutral,Béton poli,"rgb(158, 151, 147)"
1003,Neutral,Oreille d'éléphant,"rgb(152, 143, 133)"
1004,Neutral,Gris artistique,"rgb(160, 146, 135)"
1005,Neutral,Gris clé de coûte,"rgb(158, 146, 132)"
1006,Neutral,Acier,"rgb(158, 153, 145)"
1007,Neutral,Laine bouillie,"rgb(151, 144, 131)"
1008,Neutral,Argile studio,"rgb(149, 141, 127)"
1009,Neutral,Vison,"rgb(132, 123, 119)"
1010,Neutral,Toile de fond,"rgb(134, 122, 111)"
1011,Neutral,Gris Spalding,"rgb(141, 127, 117)"
1012,Neutral,Pierre chaude,"rgb(136, 123, 108)"
1013,Neutral,Queue d'aronde,"rgb(144, 138, 131)"
1014,Neutral,Anonyme,"rgb(129, 122, 110)"
1015,Neutral,Ombre qui s'adapte,"rgb(134, 126, 112)"
1016,Neutral,Pierre folklore,"rgb(109, 101, 98)"
1017,Neutral,Griffon,"rgb(111, 100, 89)"
1018,Neutral,Gris Garret,"rgb(117, 104, 97)"
1019,Neutral,Bronze remue-méninges,"rgb(116, 104, 90)"
1020,Neutral,Gris gantelet,"rgb(120, 115, 110)"
1021,Neutral,Marsouin,"rgb(107, 100, 91)"
1022,Neutral,Brun feuille de chêne,"rgb(100, 90, 75)"
1023,Neutral,Manoir,"rgb(102, 93, 87)"
1024,Neutral,Fumée de noyer,"rgb(86, 69, 55)"
1025,Neutral,Brun château,"rgb(91, 75, 68)"
1026,Neutral,Bronze statut,"rgb(92, 77, 60)"
1027,Neutral,Renard noir,"rgb(79, 72, 66)"
1028,Neutral,Bronze urbain,"rgb(84, 80, 74)"
1029,Neutral,Bronze durable,"rgb(85, 76, 62)"
1030,Neutral,Ivoire grec,"rgb(216, 207, 190)"
1031,Neutral,Shiitake,"rgb(200, 188, 171)"
1032,Neutral,Beige accessible,"rgb(209, 199, 184)"
1033,Neutral,Bordure de rivière,"rgb(219, 206, 189)"
1034,Neutral,Noir tricorne,"rgb(47, 47, 48)"
1035,Neutral,Fucus,"rgb(68, 55, 53)"
1036,Neutral,Uniforme bleu,"rgb(43, 67, 96)"
1037,Neutral,Chemin de jogging,"rgb(192, 185, 169)"
1038,Neutral,Loggia,"rgb(196, 183, 165)"
1039,Neutral,Beige équilibré,"rgb(192, 178, 162)"
1040,Neutral,Beige bungalow,"rgb(205, 191, 176)"
1041,Neutral,Caviar,"rgb(49, 48, 49)"
1042,Neutral,Haricot noir,"rgb(64, 51, 48)"
1043,Neutral,Salty Dog,"rgb(35, 64, 88)"
1044,Neutral,Gris portail,"rgb(178, 172, 156)"
1045,Neutral,Lion de pierre,"rgb(179, 164, 145)"
1046,Neutral,Taupe Tony,"rgb(177, 162, 144)"
1047,Neutral,Beige tapis,"rgb(202, 186, 168)"
1048,Neutral,Magie noire,"rgb(50, 49, 50)"
1049,Neutral,Raisin sec,"rgb(57, 43, 45)"
1050,Neutral,Dans la Marine,"rgb(40, 56, 73)"
1051,Neutral,Humeur éthérée,"rgb(174, 165, 148)"
1052,Neutral,Ton taupe,"rgb(173, 160, 144)"
1053,Neutral,Aile de papillon de nuit,"rgb(160, 144, 127)"
1054,Neutral,Beige pavillon,"rgb(197, 182, 164)"
1055,Neutral,Encrier,"rgb(49, 54, 58)"
1056,Neutral,Brun foncé de la forêt,"rgb(57, 52, 55)"
1057,Neutral,Bleu charbon,"rgb(61, 68, 80)"
1058,Neutral,Faon bringé,"rgb(167, 160, 148)"
1059,Neutral,Bécasseau des sables,"rgb(167, 149, 130)"
1060,Neutral,Taupe virtuelle,"rgb(138, 122, 106)"
1061,Neutral,Taupe de l'aube,"rgb(172, 154, 138)"
1062,Neutral,Noir de la nuit,"rgb(50, 54, 57)"
1063,Neutral,Domino,"rgb(53, 51, 55)"
1064,Neutral,Gris minéral,"rgb(81, 87, 99)"
1065,Neutral,Rivière pressée,"rgb(161, 156, 143)"
1066,Neutral,Taupe taverne,"rgb(156, 138, 121)"
1067,Neutral,Fumoir,"rgb(113, 99, 84)"
1068,Neutral,Cale sèche,"rgb(161, 141, 125)"
1069,Neutral,Vert-noir,"rgb(55, 58, 58)"
1070,Neutral,Noir bohémien,"rgb(59, 55, 60)"
1071,Neutral,Naval,"rgb(47, 61, 76)"
1072,Neutral,Route de montagne,"rgb(134, 133, 120)"
1073,Neutral,Pied de montagne,"rgb(130, 116, 102)"
1074,Neutral,Brun Van Dyke,"rgb(86, 69, 54)"
1075,Neutral,Hutte Tiki,"rgb(130, 111, 94)"
1076,Neutral,Minerai de fer,"rgb(67, 67, 65)"
1077,Neutral,Cygne noir,"rgb(58, 55, 62)"
1078,Neutral,Levons l'ancre,"rgb(43, 52, 65)"
1079,White & Pastel,Blanc perlé,"rgb(232, 227, 217)"
1080,White & Pastel,Albâtre,"rgb(237, 234, 224)"
1081,White & Pastel,Sous la neige,"rgb(237, 234, 229)"
1082,White & Pastel,Blanc Douvres,"rgb(240, 234, 220)"
1083,White & Pastel,Casablanca,"rgb(237, 225, 206)"
1084,White & Pastel,Terrain neutre,"rgb(226, 218, 202)"
1085,White & Pastel,Mousseline,"rgb(234, 223, 201)"
1086,White & Pastel,Villa grecque,"rgb(240, 236, 226)"
1087,White & Pastel,Blanc pur,"rgb(237, 236, 230)"
1088,White & Pastel,Blanc très réfléchissant,"rgb(247, 247, 241)"
1089,White & Pastel,Extra-blanc,"rgb(238, 239, 234)"
1090,White & Pastel,Blanc sec,"rgb(228, 228, 221)"
1091,White & Pastel,Plume de héron,"rgb(229, 225, 216)"
1092,White & Pastel,Blanc arcade,"rgb(243, 238, 231)"
1093,White & Pastel,Blanc perlé,"rgb(232, 227, 217)"
1094,White & Pastel,Albâtre,"rgb(237, 234, 224)"
1095,White & Pastel,Sous la neige,"rgb(237, 234, 229)"
1096,White & Pastel,Extra-blanc pour plafond,"rgb(233, 235, 231)"
1097,White & Pastel,Blanc réservé,"rgb(224, 224, 217)"
1098,White & Pastel,Blanc Zurich,"rgb(230, 225, 217)"
1099,White & Pastel,Blanc ibis,"rgb(242, 236, 230)"
1100,White & Pastel,Dentelle ivoire,"rgb(236, 229, 216)"
1101,White & Pastel,Blanc terrier,"rgb(243, 238, 227)"
1102,White & Pastel,Blanc toqué,"rgb(231, 226, 218)"
1103,White & Pastel,Cube de glace,"rgb(227, 228, 225)"
1104,White & Pastel,Fleur de sel,"rgb(220, 221, 216)"
1105,White & Pastel,Blanc origami,"rgb(229, 226, 218)"
1106,White & Pastel,Perle cultivée,"rgb(229, 220, 214)"
1107,White & Pastel,Blanc Shoji,"rgb(230, 223, 211)"
1108,White & Pastel,Blanc aigrette,"rgb(223, 217, 207)"
1109,White & Pastel,Blanc incroyable,"rgb(227, 222, 215)"
1110,White & Pastel,Strass,"rgb(222, 224, 222)"
1111,White & Pastel,Blanc écumeux,"rgb(221, 221, 214)"
1112,White & Pastel,Blanc élégant,"rgb(227, 221, 211)"
1113,White & Pastel,Beau blanc,"rgb(230, 221, 213)"
1114,White & Pastel,Canard blanc,"rgb(229, 223, 210)"
1115,White & Pastel,Pédiment,"rgb(211, 204, 196)"
1116,White & Pastel,Blanc eider,"rgb(226, 222, 216)"
1117,White & Pastel,Blanc nébuleux,"rgb(222, 223, 220)"
1118,White & Pastel,Blanc éthéré,"rgb(227, 226, 217)"
1119,White & Pastel,Héron blanc,"rgb(231, 225, 215)"
1120,White & Pastel,Blanc quotidien,"rgb(228, 220, 212)"
1121,White & Pastel,Choix naturel,"rgb(227, 222, 208)"
1122,White & Pastel,Glace pilée,"rgb(214, 211, 204)"
1123,White & Pastel,Cinq étoiles,"rgb(218, 217, 212)"
1124,White & Pastel,Sucre d'orge,"rgb(222, 225, 223)"
1125,White & Pastel,Blanc moderne,"rgb(226, 224, 215)"
1126,White & Pastel,Loft urbain,"rgb(223, 218, 209)"
1127,White & Pastel,Blanc fin,"rgb(227, 219, 212)"
1128,White & Pastel,Blanc huître,"rgb(226, 221, 208)"
1129,White & Pastel,Sur la glace,"rgb(208, 206, 200)"
1130,White & Pastel,Grand froid,"rgb(208, 206, 201)"
1131,White & Pastel,Blanc établi,"rgb(220, 222, 220)"
1132,White & Pastel,Nuance,"rgb(226, 224, 214)"
1133,White & Pastel,Blanc du vent frais,"rgb(222, 216, 207)"
1134,White & Pastel,Simplement blanc,"rgb(223, 217, 210)"
1135,White & Pastel,Cerf de Virginie,"rgb(244, 239, 228)"
1136,White & Pastel,Blanc papier,"rgb(247, 239, 222)"
1137,White & Pastel,Colonne romaine,"rgb(246, 240, 226)"
1138,White & Pastel,Blanc coquille,"rgb(240, 235, 224)"
1139,White & Pastel,Blanc coton,"rgb(247, 239, 227)"
1140,White & Pastel,Lait chaud,"rgb(236, 225, 209)"
1141,White & Pastel,Guimauve,"rgb(238, 233, 224)"
1142,White & Pastel,Blanc Douvres,"rgb(240, 234, 220)"
1143,White & Pastel,Blanc miel,"rgb(248, 238, 219)"
1144,White & Pastel,Nacre,"rgb(232, 226, 212)"
1145,White & Pastel,Blanc d'œuf,"rgb(243, 229, 210)"
1146,White & Pastel,Ivoire de Médicis,"rgb(243, 233, 215)"
1147,White & Pastel,Blanc panda,"rgb(234, 226, 212)"
1148,White & Pastel,Farine blanche,"rgb(244, 239, 229)"
1149,White & Pastel,Crémeux,"rgb(239, 232, 219)"
1150,White & Pastel,Blanc d'été,"rgb(244, 233, 214)"
1151,White & Pastel,Blanc reposant,"rgb(238, 232, 215)"
1152,White & Pastel,Linge frais,"rgb(243, 230, 212)"
1153,White & Pastel,Biscuit,"rgb(235, 221, 203)"
1154,White & Pastel,Blanc modéré,"rgb(233, 222, 207)"
1155,White & Pastel,Duveteux,"rgb(239, 232, 221)"
1156,White & Pastel,Blanc vieilli,"rgb(232, 222, 205)"
1157,White & Pastel,Crème,"rgb(244, 232, 210)"
1158,White & Pastel,Ours polaire,"rgb(232, 223, 202)"
1159,White & Pastel,Casablanca,"rgb(237, 225, 206)"
1160,White & Pastel,Ivoire complexe,"rgb(237, 221, 202)"
1161,White & Pastel,Blanc divin,"rgb(230, 220, 205)"
1162,White & Pastel,Futon,"rgb(237, 230, 219)"
1163,White & Pastel,Terrain neutre,"rgb(226, 218, 202)"
1164,White & Pastel,Blanc déco,"rgb(242, 229, 207)"
1165,White & Pastel,Mousseline,"rgb(234, 223, 201)"
1166,White & Pastel,Blanc Navajo,"rgb(233, 220, 198)"
1167,White & Pastel,Crème de choix,"rgb(240, 225, 208)"
1168,White & Pastel,Blanc crécelle,"rgb(224, 214, 200)"
1169,White & Pastel,Blanc modeste,"rgb(230, 221, 212)"
1170,White & Pastel,Beige canevas,"rgb(220, 209, 191)"
1171,White & Pastel,Vanillé,"rgb(242, 227, 202)"
1172,White & Pastel,Blanc ancien,"rgb(232, 220, 198)"
1173,White & Pastel,Gousse de lotus,"rgb(231, 215, 194)"
1174,White & Pastel,Beauté fragile,"rgb(231, 215, 198)"
1175,White & Pastel,Chamois Bauhaus,"rgb(231, 219, 204)"
1176,White & Pastel,Blanc fiable,"rgb(232, 222, 211)"
1177,White & Pastel,Patience,"rgb(226, 211, 191)"
1178,White & Pastel,Beige aiglon,"rgb(233, 217, 192)"
1179,White & Pastel,Baguettes,"rgb(224, 209, 184)"
1180,White & Pastel,Écru échelonné,"rgb(231, 216, 190)"
1181,White & Pastel,Crème irlandaise,"rgb(227, 210, 184)"
1182,White & Pastel,Juste naturel,"rgb(226, 211, 196)"
1183,White & Pastel,Blanc meneur,"rgb(229, 221, 208)"
1184,White & Pastel,Gardénia,"rgb(243, 226, 201)"
1185,White & Pastel,Ivoire de restauration,"rgb(233, 225, 202)"
1186,White & Pastel,Blanc nonchalant,"rgb(222, 221, 209)"
1187,White & Pastel,Miroitement,"rgb(224, 231, 226)"
1188,White & Pastel,Vertige,"rgb(220, 231, 232)"
1189,White & Pastel,Air de la montagne,"rgb(216, 224, 223)"
1190,White & Pastel,Blanc poli,"rgb(233, 221, 212)"
1191,White & Pastel,Blanc accueillant,"rgb(243, 227, 202)"
1192,White & Pastel,Ivoire ionique,"rgb(231, 223, 197)"
1193,White & Pastel,Blanc épinard,"rgb(228, 232, 218)"
1194,White & Pastel,Opaline,"rgb(220, 223, 215)"
1195,White & Pastel,Perce-neige,"rgb(224, 232, 231)"
1196,White & Pastel,Mercure,"rgb(221, 226, 224)"
1197,White & Pastel,Blanc sublime,"rgb(231, 219, 211)"
1198,White & Pastel,Champagne,"rgb(242, 227, 206)"
1199,White & Pastel,Camomille,"rgb(233, 224, 197)"
1200,White & Pastel,Menthe blanche,"rgb(224, 231, 218)"
1201,White & Pastel,Carreau,"rgb(215, 223, 216)"
1202,White & Pastel,Hunier,"rgb(218, 226, 224)"
1203,White & Pastel,Glaçon,"rgb(219, 223, 224)"
1204,White & Pastel,Blanc doux,"rgb(229, 218, 212)"
1205,White & Pastel,Presque pêche,"rgb(239, 222, 209)"
1206,White & Pastel,Jaune modéré,"rgb(237, 224, 197)"
1207,White & Pastel,Vert cendré,"rgb(226, 226, 209)"
1208,White & Pastel,Vert fugace,"rgb(216, 226, 216)"
1209,White & Pastel,Bleu horizon,"rgb(216, 231, 230)"
1210,White & Pastel,Air raréfié,"rgb(225, 230, 230)"
1211,White & Pastel,Blanc de rêve,"rgb(227, 217, 213)"
1212,White & Pastel,Corail léger,"rgb(238, 222, 213)"
1213,White & Pastel,Fin de journée,"rgb(243, 234, 198)"
1214,White & Pastel,Dentelle de la reine Anne,"rgb(236, 234, 213)"
1215,White & Pastel,Rêve en vert,"rgb(215, 228, 219)"
1216,White & Pastel,Bleu bravo,"rgb(211, 231, 233)"
1217,White & Pastel,Chute de neige,"rgb(224, 222, 218)"
1218,White & Pastel,Blanc intelligent,"rgb(228, 219, 216)"
1219,White & Pastel,Blanc intime,"rgb(240, 225, 216)"
1220,White & Pastel,Lys,"rgb(243, 232, 194)"
1221,White & Pastel,Pousse,"rgb(228, 228, 206)"
1222,White & Pastel,Bleu embelli,"rgb(215, 235, 226)"
1223,White & Pastel,Iceberg,"rgb(214, 228, 231)"
1224,White & Pastel,Blanc spatial,"rgb(221, 220, 219)"
1225,White & Pastel,Blanc original,"rgb(226, 222, 219)"
1226,White & Pastel,Corail comique,"rgb(243, 209, 200)"
1227,White & Pastel,Narcisse des prés,"rgb(250, 217, 122)"
1228,White & Pastel,Ambiance verte,"rgb(212, 231, 195)"
1229,White & Pastel,Sarcelle tentante,"rgb(135, 220, 206)"
1230,White & Pastel,Sous-refroidissement,"rgb(127, 195, 225)"
1231,White & Pastel,Teinte de jacinthe,"rgb(194, 203, 224)"
1232,White & Pastel,Esprit libre,"rgb(202, 178, 210)"
